"pos1.jpg","https://scontent-hkg3-1.cdninstagram.com/vp/b1dccf3ab774d19f4c517f9272e527f4/5BE7CEC8/t51.2885-15/e35/13297987_1101126313259547_1093036548_n.jpg"
"pos2.jpg","https://scontent-hkg3-1.cdninstagram.com/vp/4379064213e200c0a0d0f092f5db366b/5BE0900A/t51.2885-15/e35/13256949_1033142320098533_1160928840_n.jpg"
"pos3.jpg","https://scontent-hkg3-1.cdninstagram.com/vp/c51f1cdeeed353a42e45f5c792f01398/5BCF0B48/t51.2885-15/e35/13266688_1293239360705317_788112021_n.jpg"
"pos4.jpg","https://scontent-hkg3-1.cdninstagram.com/vp/a1870454b10cb5b417cd7e9050bb54b9/5BEB9839/t51.2885-15/e35/13256588_959698497481338_108299426_n.jpg"
"pos5.jpg","https://scontent-hkg3-1.cdninstagram.com/vp/aa4635688c5fc251e40a4df4f95e9e3f/5BB76123/t51.2885-15/e35/13266816_1031164256965529_2124303922_n.jpg"
"pos6.jpg","https://scontent-hkg3-1.cdninstagram.com/vp/cde231ae624a2c9809b1f596e857d108/5BCBB9B0/t51.2885-15/e35/13167495_249257652096404_1161361919_n.jpg"
"pos7.jpg","https://scontent-hkg3-1.cdninstagram.com/vp/537f9e1d629dd87f1f417ef8356e0b7b/5BCF762E/t51.2885-15/e35/13167352_567435143439535_1155072907_n.jpg"
"pos8.jpg","https://scontent-hkg3-1.cdninstagram.com/vp/1712a81e2d0ce4a0bd82b3de7a25eb79/5BB1E8ED/t51.2885-15/e35/13261047_120004761751360_888152603_n.jpg"
"pos9.jpg","https://scontent-hkg3-1.cdninstagram.com/vp/55bc6a18febf79b1972d62280098be42/5BCE0773/t51.2885-15/e35/13267506_233576920367408_291533436_n.jpg"
"pos10.jpg","https://scontent-hkg3-1.cdninstagram.com/vp/be57aad21b25d875ccf76b03d27d38d3/5BEA5B1B/t51.2885-15/e35/13269594_1142743875778312_1231725987_n.jpg"
"pos11.jpg","https://scontent-hkg3-1.cdninstagram.com/vp/cb4a6209b3383544ce500d7262d6928f/5BCD37B0/t51.2885-15/e35/13267329_886577284784446_1904359237_n.jpg"
"pos12.jpg","https://scontent-hkg3-1.cdninstagram.com/vp/470676f46decd0da40c8cfd12068afe1/5BB56AFB/t51.2885-15/e35/13277729_1778187935726874_1632763327_n.jpg"